platform,searchTime,searchQuery,searchInteractionURIs
IPHONE_ARM64,2023-12-16T20:36:34.135Z[UTC],card,[]
IPHONE,2023-12-16T20:36:35.507Z[UTC],cardi b be ,['spotify:track:2Yl4OmDby9iitgNWZPwxkd']
IPHONE,2023-12-17T12:45:02.223Z[UTC],space song,['spotify:track:1ZgMsA55GIY7ICkQh5MILA']
IPHONE,2023-12-17T22:56:09.855Z[UTC],what a ,[]
IPHONE_ARM64,2023-12-17T22:56:10.381Z[UTC],what a lie,[]
,2023-12-18T00:06:01.544Z[UTC],c,[]
,2023-12-18T00:06:01.782Z[UTC],ca,[]
,2023-12-18T00:06:02.282Z[UTC],can,[]
,2023-12-18T00:06:02.614Z[UTC],cant,[]
,2023-12-18T00:06:02.821Z[UTC],cant ,[]
,2023-12-18T00:06:03.024Z[UTC],cant c,[]
,2023-12-18T00:06:03.386Z[UTC],cant ca,[]
,2023-12-18T00:06:03.655Z[UTC],cant cat,[]
IPHONE_ARM64,2023-12-18T00:06:03.822Z[UTC],cant cat,[]
,2023-12-18T00:06:03.950Z[UTC],cant catc,[]
,2023-12-18T00:06:04.171Z[UTC],cant catch,[]
IPHONE,2023-12-18T00:06:04.367Z[UTC],cant catch,['spotify:track:56xHMIfQPoe0prrSi3BGhf']
IPHONE_ARM64,2023-12-18T08:44:41.978Z[UTC],wei,[]
IPHONE_ARM64,2023-12-18T08:44:42.506Z[UTC],weigh,[]
IPHONE,2023-12-18T08:45:02.787Z[UTC],weight of the world on my shoul,[]
IPHONE,2023-12-19T01:16:02.348Z[UTC],505,['spotify:track:0BxE4FqsDD1Ot4YuBXwAPp']
IPHONE,2023-12-19T19:25:46.548Z[UTC],you ,['spotify:track:2qpacEyFxmbxCpIEqZkqvC']
IPHONE,2023-12-19T22:38:22.959Z[UTC],megan,['spotify:artist:181bsRPaVXVlUKXrxwZfHK']
IPHONE_ARM64,2023-12-19T22:38:50.471Z[UTC], ic,[]
IPHONE_ARM64,2023-12-19T22:38:50.835Z[UTC], icki,[]
IPHONE_ARM64,2023-12-19T22:38:52.151Z[UTC],n,[]
IPHONE_ARM64,2023-12-19T22:38:53.184Z[UTC],nicki ,[]
IPHONE,2023-12-19T22:38:53.968Z[UTC],nicki mina,['spotify:artist:0hCNtLu0JehylgoiP8L4Gh']
IPHONE,2023-12-19T22:47:33.345Z[UTC],rosalia ,['spotify:artist:7ltDVBr6mKbRvohxheJ9h1']
OSX_X86_64,2023-12-20T09:49:05.824Z[UTC],o,[]
IPHONE,2023-12-21T08:12:57.069Z[UTC],keep,['spotify:track:4rf0IVQDFjr27T4sgah5Pf']
IPHONE_ARM64,2023-12-22T10:47:24.479Z[UTC],need,[]
IPHONE,2023-12-22T10:47:26.157Z[UTC],need a break ,"['spotify:track:1406n1HvjVlwx2Ea0DzAA4', 'spotify:track:1406n1HvjVlwx2Ea0DzAA4', 'spotify:track:3XrQGJ0kONDU3Z7mVr9CuN', 'spotify:track:3XrQGJ0kONDU3Z7mVr9CuN']"
IPHONE_ARM64,2023-12-22T12:21:20.966Z[UTC],p,[]
IPHONE,2023-12-22T12:21:22.557Z[UTC],pilspla,['spotify:track:66ydKEoF7uofQdlA9yVsKK']
IPHONE,2023-12-22T13:45:18.384Z[UTC],priva,['spotify:track:52NGJPcLUzQq5w7uv4e5gf']
IPHONE_ARM64,2023-12-22T15:14:02.394Z[UTC],nex,[]
IPHONE,2023-12-22T15:14:03.940Z[UTC],next the week,['spotify:track:4m0KaNb0ClCOvgThd2Gv2b']
IPHONE_ARM64,2023-12-23T21:40:07.745Z[UTC],wh,[]
IPHONE,2023-12-23T21:40:10.330Z[UTC],what to do guy,"['spotify:track:3PpvhYXmJdfoxeXGWJmeas', 'spotify:track:3b8EAvwU10M3FLaTOTwV7R']"
OSX_X86_64,2023-12-23T22:19:40.809Z[UTC],next,[]
IPHONE_ARM64,2023-12-24T17:03:03.379Z[UTC],hur,[]
IPHONE,2023-12-24T17:03:03.751Z[UTC],hurt,['spotify:track:6xsyuFNW7fbHVrUZ4MVm2t']
IPHONE,2023-12-26T08:16:40.279Z[UTC],atte,['spotify:track:11xC6P3iKYpFThT6Ce1KdG']
,2023-12-29T00:34:36.999Z[UTC],t,[]
,2023-12-29T00:34:37.493Z[UTC],ta,[]
,2023-12-29T00:34:37.965Z[UTC],tan,[]
,2023-12-29T00:34:38.289Z[UTC],tana,[]
,2023-12-29T00:34:38.736Z[UTC],tana ,[]
,2023-12-29T00:34:40.911Z[UTC],tana m,[]
,2023-12-29T00:34:41.378Z[UTC],tana ma,[]
,2023-12-29T00:34:41.882Z[UTC],tana mat,[]
,2023-12-29T00:34:45.394Z[UTC],tana matt,[]
,2023-12-29T00:34:46.112Z[UTC],tana matt ,[]
,2023-12-29T00:34:46.638Z[UTC],tana matt b,[]
,2023-12-29T00:34:49.096Z[UTC],tana matt br,[]
,2023-12-29T00:34:49.630Z[UTC],tana matt bro,[]
,2023-12-29T00:34:49.774Z[UTC],tana matt broo,[]
,2023-12-29T00:34:50.029Z[UTC],tana matt brook,[]
,2023-12-29T00:34:50.417Z[UTC],tana matt brooke,[]
IPHONE,2023-12-29T00:34:50.635Z[UTC],tana matt brooke,['spotify:episode:6u2je313wBW9N9sBuatyBD']
,2023-12-29T00:35:13.508Z[UTC],tana matt brook,[]
,2023-12-29T00:35:13.606Z[UTC],tana matt broo,[]
,2023-12-29T00:35:13.777Z[UTC],tana matt bro,[]
,2023-12-29T00:35:14.082Z[UTC],tana matt br,[]
,2023-12-29T00:35:14.170Z[UTC],tana matt b,[]
,2023-12-29T00:35:14.325Z[UTC],tana matt ,[]
,2023-12-29T00:35:14.622Z[UTC],tana matt,[]
,2023-12-29T00:35:19.899Z[UTC],tana matt ,[]
,2023-12-29T00:35:20.728Z[UTC],tana matt r,[]
,2023-12-29T00:35:21.136Z[UTC],tana matt ri,[]
IPHONE_ARM64,2023-12-29T00:35:21.259Z[UTC],tana matt ri,[]
,2023-12-29T00:35:21.529Z[UTC],tana matt rif,[]
,2023-12-29T00:35:21.764Z[UTC],tana matt rife,[]
IPHONE,2023-12-29T00:35:21.970Z[UTC],tana matt rife,"['spotify:episode:7aNBCd96ey8nFlpG9Eijp5', 'spotify:artist:07goIsH5mQVpP6aracPZUR']"
IPHONE,2023-12-29T07:46:44.669Z[UTC],hers,['spotify:track:1XrSjpNe49IiygZfzb74pk']
OSX_X86_64,2023-12-29T09:13:15.493Z[UTC],ka,[]
OSX_X86_64,2023-12-29T09:13:16.869Z[UTC],kaytr,[]
OSX_X86_64,2023-12-29T09:13:17.296Z[UTC],kaytran,[]
OSX_X86_64,2023-12-29T09:25:35.673Z[UTC],house,[]
OSX_X86_64,2023-12-29T09:26:15.848Z[UTC],ho,[]
OSX_X86_64,2023-12-29T09:26:25.894Z[UTC],house,[]
OSX_X86_64,2023-12-29T09:26:25.974Z[UTC],house ,[]
IPHONE_ARM64,2023-12-31T11:49:43.682Z[UTC],la,[]
IPHONE,2023-12-31T11:49:44.965Z[UTC],layla,['spotify:track:2kkvB3RNRzwjFdGhaUA0tz']
IPHONE_ARM64,2023-12-31T12:05:18.891Z[UTC],"i been getting so close, i ",[]
IPHONE,2023-12-31T12:05:22.386Z[UTC],"i been getting so close, i can taste it","['spotify:track:1ghqDkglrXPcxgRobBmLVW', 'spotify:album:75636FX5iYEcgCrLqcBtXr']"
IPHONE_ARM64,2023-12-31T12:05:43.653Z[UTC],"i been getting so close, i can taste it tas",[]
IPHONE_ARM64,2023-12-31T12:05:48.145Z[UTC],"i been getting so close, i can taste it taste the de",[]
IPHONE,2023-12-31T12:05:49.434Z[UTC],"i been getting so close, i can taste it taste the desire",['spotify:track:22Fv7qSb4oYi8HrgSULfcc']
IPHONE_ARM64,2023-12-31T12:06:23.482Z[UTC],"i been getting so close, i can taste y",[]
IPHONE_ARM64,2023-12-31T12:06:25.159Z[UTC],"i been getting so close, i can taste you lef",[]
IPHONE_ARM64,2023-12-31T12:06:27.953Z[UTC],"i been getting so close, i can taste you left a ma",[]
IPHONE_ARM64,2023-12-31T12:06:28.633Z[UTC],"i been getting so close, i can taste you left a mark",[]
IPHONE_ARM64,2023-12-31T12:06:30.794Z[UTC],"i been getting so close, i can taste you left a mark on",[]
IPHONE,2023-12-31T12:06:33.201Z[UTC],"i been getting so close, i can taste you left a mark on my ",['spotify:track:5bF00VrMY3FwnQDgoP4Gnk']
IPHONE_ARM64,2023-12-31T13:12:40.171Z[UTC],fl,[]
IPHONE,2023-12-31T13:12:40.549Z[UTC],flip,['spotify:track:252ZECHopILLs10pMfE76N']
IPHONE,2024-01-01T01:46:07.955Z[UTC],pocketf,['spotify:track:4hjuUelurEBKlqpJPJ77Iw']
IPHONE_ARM64,2024-01-01T01:47:25.716Z[UTC],channe,[]
IPHONE_ARM64,2024-01-01T01:47:26.047Z[UTC],channel,[]
IPHONE_ARM64,2024-01-01T01:47:26.955Z[UTC],channel tr,[]
IPHONE,2024-01-01T01:47:33.927Z[UTC],channel tres tunnel,"['spotify:track:4at0npP4QkdIUulFZIsYft', 'spotify:track:3ys5J8MAFYex3zO7n9VduT']"
IPHONE_ARM64,2024-01-01T11:21:23.728Z[UTC],i th,[]
IPHONE,2024-01-01T11:21:25.038Z[UTC],i think ,['spotify:track:4f8Mh5wuWHOsfXtzjrJB3t']
IPHONE_ARM64,2024-01-02T05:14:38.863Z[UTC],cure,[]
IPHONE_ARM64,2024-01-02T05:14:38.902Z[UTC],cure m,[]
IPHONE_ARM64,2024-01-02T05:14:39.588Z[UTC],cure m,[]
IPHONE,2024-01-02T05:14:42.588Z[UTC],cure my ded,['spotify:track:6m3DkpGqoeQJxfekL3ZLHJ']
IPHONE,2024-01-02T21:02:02.050Z[UTC],lady,['spotify:track:6btIpLff2jE56h2N40smAj']
,2024-01-03T00:55:00.169Z[UTC],c,[]
,2024-01-03T00:55:00.253Z[UTC],ch,[]
IPHONE_ARM64,2024-01-03T00:55:00.443Z[UTC],c,[]
IPHONE_ARM64,2024-01-03T00:55:00.459Z[UTC],ch,[]
,2024-01-03T00:55:00.511Z[UTC],chi,[]
,2024-01-03T00:55:00.544Z[UTC],chie,[]
,2024-01-03T00:55:01.025Z[UTC],chief,[]
,2024-01-03T00:55:01.502Z[UTC],chief ,[]
IPHONE,2024-01-03T00:55:01.711Z[UTC],chief ,['spotify:track:1h6kgem1ai8vUgO1rZOwfB']
,2024-01-03T00:55:05.969Z[UTC],chief i,[]
,2024-01-03T00:55:06.207Z[UTC],chief i ,[]
,2024-01-03T00:55:06.356Z[UTC],chief i d,[]
,2024-01-03T00:55:06.446Z[UTC],chief i do,[]
,2024-01-03T00:55:06.583Z[UTC],chief i don,[]
IPHONE_ARM64,2024-01-03T00:55:06.599Z[UTC],chief i do,[]
,2024-01-03T00:55:06.660Z[UTC],chief i dont,[]
,2024-01-03T00:55:06.907Z[UTC],chief i dont ,[]
,2024-01-03T00:55:07.070Z[UTC],chief i dont l,[]
,2024-01-03T00:55:07.245Z[UTC],chief i dont li,[]
,2024-01-03T00:55:07.277Z[UTC],chief i dont lik,[]
,2024-01-03T00:55:07.364Z[UTC],chief i dont like,[]
,2024-01-03T00:55:07.667Z[UTC],chief i dont like ,[]
,2024-01-03T00:55:08.050Z[UTC],chief i dont like 1,[]
IPHONE,2024-01-03T00:55:08.297Z[UTC],chief i dont like 1,['spotify:track:3YqJ0iaDWM0aqEDQExd2j3']
,2024-01-03T00:55:08.356Z[UTC],chief i dont like 1,[]
,2024-01-03T00:59:13.876Z[UTC],s,[]
,2024-01-03T00:59:14.028Z[UTC],sw,[]
,2024-01-03T00:59:14.334Z[UTC],swe,[]
,2024-01-03T00:59:14.382Z[UTC],swee,[]
,2024-01-03T00:59:14.708Z[UTC],sweet,[]
,2024-01-03T00:59:14.948Z[UTC],sweet ,[]
,2024-01-03T00:59:16.183Z[UTC],sweet s,[]
,2024-01-03T00:59:16.364Z[UTC],sweet se,[]
,2024-01-03T00:59:16.547Z[UTC],sweet ser,[]
,2024-01-03T00:59:16.682Z[UTC],sweet serr,[]
IPHONE,2024-01-03T00:59:16.904Z[UTC],sweet serr,['spotify:track:4nwxCitFgnLugXCl0JFNTJ']
IPHONE,2024-01-03T01:06:05.874Z[UTC],joy ,[]
IPHONE,2024-01-03T01:13:23.696Z[UTC],wana,['spotify:track:6ygaR0OCPjB2YdBbbNKvss']
IPHONE_ARM64,2024-01-03T01:13:47.343Z[UTC],sad d,[]
IPHONE_ARM64,2024-01-03T01:13:47.490Z[UTC],sad di,[]
IPHONE,2024-01-03T01:13:47.793Z[UTC],sad dis,"['spotify:track:2BedHMJWiW5CuiTd2wza1u', 'spotify:track:2BedHMJWiW5CuiTd2wza1u']"
IPHONE_ARM64,2024-01-03T01:23:45.818Z[UTC],mi,[]
IPHONE_ARM64,2024-01-03T01:23:47.453Z[UTC],midnight ,[]
IPHONE_ARM64,2024-01-03T01:23:47.774Z[UTC],midnight c,[]
IPHONE,2024-01-03T01:23:48.375Z[UTC],midnight ciry,['spotify:track:6GyFP1nfCDB8lbD2bG0Hq9']
IPHONE_ARM64,2024-01-03T01:29:58.880Z[UTC],su,[]
IPHONE_ARM64,2024-01-03T01:30:01.667Z[UTC],suns,[]
IPHONE_ARM64,2024-01-03T01:30:12.299Z[UTC],my life,[]
IPHONE_ARM64,2024-01-03T01:30:16.825Z[UTC],my life i,[]
IPHONE_ARM64,2024-01-03T01:30:17.620Z[UTC],my life in t,[]
IPHONE_ARM64,2024-01-03T01:30:18.122Z[UTC],my life in the,[]
IPHONE_ARM64,2024-01-03T01:30:18.258Z[UTC],my life in the ,[]
IPHONE_ARM64,2024-01-03T01:30:18.728Z[UTC],my life in the s,[]
IPHONE,2024-01-03T01:30:19.686Z[UTC],my life in the sun,['spotify:track:5le4sn0iMcnKU56bdmNzso']
IPHONE,2024-01-03T12:10:03.730Z[UTC],void,['spotify:track:2wXioTynVwrEWYRv6R6vEj']
IPHONE_ARM64,2024-01-03T12:12:48.091Z[UTC],marin,[]
IPHONE_ARM64,2024-01-03T12:12:49.346Z[UTC],marine,[]
IPHONE,2024-01-03T12:12:49.695Z[UTC],mariners,['spotify:track:6OG05bPAwUuV3OMvy2Vy1P']
IPHONE_ARM64,2024-01-03T14:36:20.010Z[UTC],the lost so,[]
IPHONE,2024-01-03T14:36:20.232Z[UTC],the lost sou,"['spotify:track:5dPy1CCYQ04xaQHpajf5CY', 'spotify:track:5XtsfMFmpM401S6dbVaOQw', 'spotify:track:5dPy1CCYQ04xaQHpajf5CY', 'spotify:track:0kbBU3ey5IkKwPvDHXJOry', 'spotify:track:5dPy1CCYQ04xaQHpajf5CY', 'spotify:track:5XtsfMFmpM401S6dbVaOQw', 'spotify:track:5dPy1CCYQ04xaQHpajf5CY', 'spotify:track:5XtsfMFmpM401S6dbVaOQw']"
IPHONE_ARM64,2024-01-03T15:54:50.933Z[UTC],looking,[]
IPHONE,2024-01-03T15:54:52.142Z[UTC],looking ouy ,['spotify:track:3jfZ9M23l0L7RxzYMTgBTv']
IPHONE_ARM64,2024-01-03T17:08:45.455Z[UTC],b,[]
IPHONE_ARM64,2024-01-03T17:08:46.044Z[UTC],blac,[]
IPHONE,2024-01-03T17:08:48.143Z[UTC],black milk,['spotify:track:1Rezzt36ybaT2ZbDZpv83D']
IPHONE_ARM64,2024-01-03T17:15:54.014Z[UTC],2000s elec,[]
IPHONE,2024-01-03T17:15:55.504Z[UTC],2000s electronic,['spotify:playlist:7B1AAIOV1D4g0Klk0dOVWG']
OSX_X86_64,2024-01-03T21:08:32.154Z[UTC],su,[]
OSX_X86_64,2024-01-03T21:08:32.698Z[UTC],suff,[]
OSX_X86_64,2024-01-03T21:08:33.121Z[UTC],suffo,[]
OSX_X86_64,2024-01-03T21:08:34.178Z[UTC],suffoc,[]
IPHONE,2024-01-04T23:15:19.357Z[UTC],demon,['spotify:track:3Z6RaTSHc5PrpQL3DcvGW4']
IPHONE_ARM64,2024-01-04T23:16:13.428Z[UTC],s,[]
IPHONE,2024-01-04T23:16:16.846Z[UTC],smocked ,['spotify:track:3ZaEs1O8BG581qYPHpQ8d6']
IPHONE,2024-01-04T23:18:01.418Z[UTC],perfe,"['spotify:track:0whmIaItqkT8e5PVuPyhvT', 'spotify:playlist:6gigKx69oIoA8AW3nvuNCm', 'spotify:album:2KvtNjXWp2eq4oSUvf882U', 'spotify:album:2KvtNjXWp2eq4oSUvf882U']"
,2024-01-05T00:21:13.758Z[UTC],g,[]
,2024-01-05T00:21:13.973Z[UTC],gr,[]
,2024-01-05T00:21:14.289Z[UTC],gra,[]
,2024-01-05T00:21:14.486Z[UTC],gran,[]
,2024-01-05T00:21:14.662Z[UTC],grand,[]
,2024-01-05T00:21:15.028Z[UTC],grandm,[]
,2024-01-05T00:21:15.171Z[UTC],grandma,[]
,2024-01-05T00:21:15.386Z[UTC],grandmas,[]
IPHONE,2024-01-05T00:21:15.629Z[UTC],grandmas,['spotify:track:1qfDfZAvrkSAFrAR2FTQDv']
IPHONE_ARM64,2024-01-05T08:47:11.374Z[UTC],col,[]
IPHONE_ARM64,2024-01-05T08:47:11.422Z[UTC],cold,[]
IPHONE_ARM64,2024-01-05T08:47:13.404Z[UTC],colde,[]
IPHONE_ARM64,2024-01-05T08:47:13.610Z[UTC],coldest,[]
IPHONE,2024-01-05T08:47:14.548Z[UTC],coldest da,['spotify:track:2RRFTLIglxHgAYQzsSLI4Y']
IPHONE_ARM64,2024-01-05T09:38:53.257Z[UTC],l,[]
IPHONE,2024-01-05T09:38:54.708Z[UTC],long live ,['spotify:track:60Mq4EumvcSXznNugo9Op3']
IPHONE,2024-01-05T19:44:52.266Z[UTC],ne,['spotify:track:6uTPdRrEDeH8Fyg5L5qmeU']
IPHONE,2024-01-05T19:44:57.796Z[UTC],never,['spotify:track:6uTPdRrEDeH8Fyg5L5qmeU']
IPHONE_ARM64,2024-01-05T19:51:25.872Z[UTC],bei,[]
IPHONE_ARM64,2024-01-05T19:51:30.863Z[UTC],bring,[]
IPHONE,2024-01-05T19:51:32.183Z[UTC],bring it ,['spotify:track:1EQ2D7HRLZDz2aPSibkACT']
IPHONE_ARM64,2024-01-06T16:01:56.222Z[UTC],sky ,[]
IPHONE,2024-01-06T16:01:58.709Z[UTC],sky might,['spotify:track:4bBEPE5GmdBIFusBEPlRpQ']
IPHONE,2024-01-06T19:32:44.203Z[UTC],give it up ,['spotify:track:3X7wVYr4XpzGgoXmQVnrJo']
IPHONE_ARM64,2024-01-06T19:37:48.762Z[UTC],ta,[]
IPHONE_ARM64,2024-01-06T19:37:51.220Z[UTC],tame impa,[]
IPHONE,2024-01-06T19:37:51.660Z[UTC],tame impala,['spotify:track:2X485T9Z5Ly0xyaghN73ed']
IPHONE_ARM64,2024-01-06T22:07:55.604Z[UTC],ne,[]
IPHONE,2024-01-06T22:07:56.893Z[UTC],next to ,['spotify:track:70tmdhbUPcVxIxCIpChscl']
IPHONE,2024-01-07T14:04:34.415Z[UTC],sky mi,['spotify:track:4bBEPE5GmdBIFusBEPlRpQ']
,2024-01-08T00:09:02.804Z[UTC],c,[]
,2024-01-08T00:09:02.987Z[UTC],ci,[]
,2024-01-08T00:09:03.145Z[UTC],cin,[]
,2024-01-08T00:09:03.629Z[UTC],cinna,[]
,2024-01-08T00:09:03.641Z[UTC],cinn,[]
,2024-01-08T00:09:03.672Z[UTC],cinnam,[]
IPHONE,2024-01-08T00:09:03.869Z[UTC],cinnam,['spotify:track:2mdEsXPu8ZmkHRRtAdC09e']
IPHONE_ARM64,2024-01-08T17:05:56.491Z[UTC],p,[]
IPHONE_ARM64,2024-01-08T17:05:58.253Z[UTC],pinte,[]
IPHONE,2024-01-08T17:05:58.573Z[UTC],pinter,[]
IPHONE_ARM64,2024-01-09T13:38:03.709Z[UTC],i wou,[]
IPHONE,2024-01-09T13:38:04.494Z[UTC],i would,['spotify:search:i+wouldn%27t+mind']
IPHONE,2024-01-09T13:38:05.489Z[UTC],i wouldn't mind,"['spotify:track:1XcFa5d1qoWdCIICnXlggj', 'spotify:track:4Ouhoi2lAhrLJKFzUqEzwl', 'spotify:track:4CoSCPlKNrWli7E5kFtbcl']"
IPHONE,2024-01-09T13:38:25.375Z[UTC],maggie ,['spotify:artist:0uGk2czvcpWQA383Im6ajf']
IPHONE,2024-01-10T01:36:21.476Z[UTC],im god cl,"['spotify:track:0FVuyC9RP5MACjp4lgU3qZ', 'spotify:track:6hBtVO3cAHuCYSn6nNUIer', 'spotify:track:0FVuyC9RP5MACjp4lgU3qZ']"
IPHONE_ARM64,2024-01-10T01:37:22.168Z[UTC],i,[]
IPHONE_ARM64,2024-01-10T01:37:23.444Z[UTC],im god,[]
IPHONE,2024-01-10T01:37:24.814Z[UTC],im god lil,['spotify:track:613KmeuXIuqBM0plNinzUh']
IPHONE_ARM64,2024-01-10T01:39:07.720Z[UTC],im,[]
IPHONE,2024-01-10T01:39:10.329Z[UTC],im god,['spotify:track:3ZaEs1O8BG581qYPHpQ8d6']
IPHONE_ARM64,2024-01-10T20:41:20.804Z[UTC],knife h,[]
IPHONE,2024-01-10T20:41:21.382Z[UTC],knife hnde,['spotify:track:18IzbU4Iy1ktWsOZOJDiD1']
IPHONE_ARM64,2024-01-10T20:42:34.567Z[UTC],dif,[]
IPHONE_ARM64,2024-01-10T20:42:35.280Z[UTC],differ,[]
IPHONE_ARM64,2024-01-10T20:42:35.695Z[UTC],differen,[]
IPHONE,2024-01-10T20:42:37.576Z[UTC],different mag,['spotify:track:1yUdkvkB1J4eRHEfA1DQ35']
OSX_X86_64,2024-01-11T09:52:02.018Z[UTC],mo,[]
IPHONE_ARM64,2024-01-11T21:28:31.506Z[UTC],dar,[]
IPHONE,2024-01-11T21:28:32.271Z[UTC],dark be,['spotify:track:5QmdK8QFbY8TLVKPuJzexD']
IPHONE_ARM64,2024-01-11T22:56:31.572Z[UTC],giot,[]
IPHONE,2024-01-11T22:56:33.310Z[UTC],giorgo ,"['spotify:track:0oks4FnzhNp5QPTZtoet7c', 'spotify:artist:6jU2Tt13MmXYk0ZBv1KmfO']"
IPHONE_ARM64,2024-01-11T22:57:47.902Z[UTC],kr,[]
IPHONE,2024-01-11T22:57:49.304Z[UTC],kraftwer,"['spotify:track:3VwLD5o1r0YBLkjUfgSEYg', 'spotify:artist:0dmPX6ovclgOy8WWJaFEUU']"
,2024-01-12T00:44:45.081Z[UTC],g,[]
,2024-01-12T00:44:45.141Z[UTC],g,[]
,2024-01-12T00:44:45.368Z[UTC],gl,[]
,2024-01-12T00:44:45.422Z[UTC],gl,[]
,2024-01-12T00:44:45.820Z[UTC],gla,[]
,2024-01-12T00:44:45.863Z[UTC],gla,[]
,2024-01-12T00:44:46.061Z[UTC],glad,[]
,2024-01-12T00:44:46.108Z[UTC],glad,[]
,2024-01-12T00:44:46.431Z[UTC],gladi,[]
,2024-01-12T00:44:46.487Z[UTC],gladi,[]
,2024-01-12T00:44:46.799Z[UTC],gladia,[]
,2024-01-12T00:44:46.844Z[UTC],gladia,[]
IPHONE_ARM64,2024-01-12T00:44:46.953Z[UTC],gladia,[]
,2024-01-12T00:44:47.178Z[UTC],gladiat,[]
,2024-01-12T00:44:47.221Z[UTC],gladiat,[]
,2024-01-12T00:44:47.397Z[UTC],gladiato,[]
,2024-01-12T00:44:47.446Z[UTC],gladiato,[]
,2024-01-12T00:44:47.770Z[UTC],gladiator,[]
,2024-01-12T00:44:47.809Z[UTC],gladiator,[]
IPHONE,2024-01-12T00:44:48.011Z[UTC],gladiator,['spotify:track:1elGwF4VwkwglV4nCBPJtv']
,2024-01-12T00:52:58.767Z[UTC],i,[]
,2024-01-12T00:52:58.837Z[UTC],i,[]
,2024-01-12T00:52:59.026Z[UTC],i ,[]
,2024-01-12T00:52:59.076Z[UTC],i ,[]
,2024-01-12T00:52:59.241Z[UTC],i n,[]
,2024-01-12T00:52:59.290Z[UTC],i n,[]
,2024-01-12T00:52:59.629Z[UTC],i ne,[]
,2024-01-12T00:52:59.667Z[UTC],i ne,[]
,2024-01-12T00:52:59.786Z[UTC],i nee,[]
,2024-01-12T00:52:59.823Z[UTC],i nee,[]
,2024-01-12T00:53:00.122Z[UTC],i need,[]
,2024-01-12T00:53:00.175Z[UTC],i need,[]
,2024-01-12T00:53:00.500Z[UTC],i need ,[]
,2024-01-12T00:53:00.550Z[UTC],i need ,[]
IPHONE,2024-01-12T00:53:00.753Z[UTC],i need ,['spotify:track:3kzWSM2WWJceyKOMRHzntJ']
IPHONE,2024-01-12T01:18:01.435Z[UTC],royks,['spotify:track:4ciy2AF8Q4g3ZxJVHTJ2jV']
OSX_X86_64,2024-01-12T11:13:17.232Z[UTC],lea,[]
IPHONE_ARM64,2024-01-12T18:36:36.269Z[UTC],tal,[]
IPHONE_ARM64,2024-01-12T18:36:39.670Z[UTC],tale kf us w,[]
IPHONE_ARM64,2024-01-12T18:36:43.293Z[UTC],tale kf us we are fh,[]
IPHONE_ARM64,2024-01-12T18:36:46.151Z[UTC],tale kf us we are the leopl,[]
IPHONE,2024-01-12T18:36:46.665Z[UTC],tale kf us we are the leople,['spotify:artist:1UL813H5aj3e8ekE5RqWqc']
,2024-01-13T00:41:31.931Z[UTC],f,[]
,2024-01-13T00:41:31.992Z[UTC],f,[]
,2024-01-13T00:41:32.117Z[UTC],fa,[]
,2024-01-13T00:41:32.177Z[UTC],fa,[]
,2024-01-13T00:41:32.275Z[UTC],fai,[]
,2024-01-13T00:41:32.330Z[UTC],fai,[]
,2024-01-13T00:41:32.713Z[UTC],fait,[]
,2024-01-13T00:41:32.757Z[UTC],faith,[]
,2024-01-13T00:41:32.776Z[UTC],fait,[]
,2024-01-13T00:41:32.812Z[UTC],faith,[]
,2024-01-13T00:41:32.823Z[UTC],faithl,[]
,2024-01-13T00:41:32.880Z[UTC],faithl,[]
,2024-01-13T00:41:32.930Z[UTC],faithle,[]
,2024-01-13T00:41:32.990Z[UTC],faithle,[]
,2024-01-13T00:41:33.217Z[UTC],faithles,[]
,2024-01-13T00:41:33.263Z[UTC],faithles,[]
,2024-01-13T00:41:33.321Z[UTC],faithless,[]
,2024-01-13T00:41:33.371Z[UTC],faithless,[]
IPHONE,2024-01-13T00:41:33.579Z[UTC],faithless,['spotify:track:7iClDFej8POrB7757pJsd7']
IPHONE_ARM64,2024-01-14T13:58:23.052Z[UTC],feel goo,[]
IPHONE,2024-01-14T13:58:26.340Z[UTC],feel good ,['spotify:playlist:37i9dQZF1EIgG2NEOhqsD7']
IPHONE_ARM64,2024-01-14T19:05:42.711Z[UTC],tierra,[]
IPHONE_ARM64,2024-01-14T19:05:44.688Z[UTC],tierra w,[]
IPHONE_ARM64,2024-01-14T19:05:45.129Z[UTC],tierra wha,[]
IPHONE_ARM64,2024-01-14T19:05:45.723Z[UTC],tierra whac,[]
IPHONE_ARM64,2024-01-14T19:05:46.800Z[UTC],tierra whack c,[]
IPHONE,2024-01-14T19:05:47.381Z[UTC],tierra whack clo,['spotify:track:6zlBoRMKQv2UyrafMVoQlq']
IPHONE,2024-01-14T19:06:16.514Z[UTC],doja,['spotify:search:doja+cat']
IPHONE,2024-01-14T19:06:17.431Z[UTC],doja cat,['spotify:artist:5cj0lLjcoR7YOSnhnX0Po5']
IPHONE,2024-01-14T19:07:30.723Z[UTC],21,['spotify:search:21+savage']
IPHONE,2024-01-14T19:07:32.047Z[UTC],21 savage,['spotify:artist:1URnnhqYAYcrqrcwql10ft']
,2024-01-15T00:45:59.174Z[UTC],k,[]
,2024-01-15T00:45:59.240Z[UTC],k,[]
,2024-01-15T00:45:59.370Z[UTC],ka,[]
,2024-01-15T00:45:59.419Z[UTC],ka,[]
IPHONE,2024-01-15T00:45:59.727Z[UTC],ka,['spotify:search:kali+uchis']
,2024-01-15T00:47:13.645Z[UTC],kali uchis,[]
,2024-01-15T00:47:13.685Z[UTC],kali,[]
,2024-01-15T00:47:13.685Z[UTC],kali uc,[]
,2024-01-15T00:47:13.686Z[UTC],kali ,[]
,2024-01-15T00:47:13.687Z[UTC],kali uchi,[]
,2024-01-15T00:47:13.687Z[UTC],kali uch,[]
,2024-01-15T00:47:13.689Z[UTC],kali u,[]
,2024-01-15T00:47:13.733Z[UTC],kali uchi,[]
,2024-01-15T00:47:13.736Z[UTC],kali uch,[]
,2024-01-15T00:47:13.748Z[UTC],kali uc,[]
,2024-01-15T00:47:13.749Z[UTC],kali u,[]
,2024-01-15T00:47:13.754Z[UTC],kali,[]
,2024-01-15T00:47:13.760Z[UTC],kali ,[]
IPHONE,2024-01-15T00:47:13.950Z[UTC],kali uch,[]
IPHONE_ARM64,2024-01-15T10:54:12.304Z[UTC],deco,[]
IPHONE,2024-01-15T10:54:12.469Z[UTC],decode,"['spotify:track:1ZLtE9tSJdaUiIJ9YoKHQe', 'spotify:search:decode+paramore']"
IPHONE_ARM64,2024-01-15T11:05:18.066Z[UTC],lil,[]
IPHONE_ARM64,2024-01-15T11:05:18.213Z[UTC],lill,[]
IPHONE_ARM64,2024-01-15T11:05:19.870Z[UTC],lilly allen f,[]
IPHONE,2024-01-15T11:05:19.956Z[UTC],lilly allen fe,['spotify:track:7lIyBKp2KX7ABDjDfo9EtL']
IPHONE,2024-01-15T11:23:20.748Z[UTC],american we,['spotify:track:4MKE0FAyXR8bDVnNyD8RUv']
IPHONE,2024-01-16T02:18:15.265Z[UTC],fight f,['spotify:track:33IQnmtJYjCcrvUUMQgi80']
IPHONE_ARM64,2024-01-16T09:07:40.340Z[UTC],do ,[]
IPHONE,2024-01-16T09:07:43.876Z[UTC],don tolivee,['spotify:artist:4Gso3d4CscCijv0lmajZWs']
IPHONE_ARM64,2024-01-17T23:54:56.680Z[UTC],h,[]
IPHONE_ARM64,2024-01-17T23:54:58.390Z[UTC],hes so,[]
IPHONE,2024-01-17T23:54:59.547Z[UTC],hes so p,['spotify:playlist:2ohCYKV8ULWAdCbb6GCwJs']
IPHONE_ARM64,2024-01-18T20:57:11.289Z[UTC],mwaki ,[]
IPHONE_ARM64,2024-01-18T20:57:12.034Z[UTC],mwaki zer,[]
IPHONE,2024-01-18T20:57:12.259Z[UTC],mwaki zerb,['spotify:track:5KTZgG84bKFGm53lhLtTqc']
IPHONE_ARM64,2024-01-19T09:00:01.095Z[UTC],tie,[]
IPHONE,2024-01-19T09:00:01.723Z[UTC],ties,"['spotify:track:4EmH2iRucAgCOnhuJRotUi', 'spotify:track:4EmH2iRucAgCOnhuJRotUi', 'spotify:track:4EmH2iRucAgCOnhuJRotUi']"
IPHONE,2024-01-19T21:27:28.834Z[UTC],afterlife,['spotify:playlist:6Ig5CqOYhbmC7Io6trPubL']
IPHONE_ARM64,2024-01-21T19:16:34.642Z[UTC],tam,[]
IPHONE,2024-01-21T19:16:34.954Z[UTC],tame ,['spotify:artist:5INjqkS1o8h1imAzPqGZBb']
IPHONE_ARM64,2024-01-21T19:16:45.466Z[UTC],th,[]
IPHONE_ARM64,2024-01-21T19:16:46.012Z[UTC],the ,[]
IPHONE_ARM64,2024-01-21T19:16:46.563Z[UTC],the stri,[]
IPHONE_ARM64,2024-01-21T19:16:47.559Z[UTC],the strik,[]
IPHONE_ARM64,2024-01-21T19:16:50.075Z[UTC],the strok,[]
IPHONE,2024-01-21T19:16:50.429Z[UTC],the strokes,['spotify:artist:0epOFNiUfyON9EYx7Tpr6V']
IPHONE,2024-01-21T19:17:43.534Z[UTC],kanye,['spotify:artist:5K4W6rqBFWDnAN6FQUkS6x']
IPHONE_ARM64,2024-01-21T19:22:23.510Z[UTC],bor,[]
IPHONE_ARM64,2024-01-21T19:22:25.614Z[UTC],no,[]
IPHONE_ARM64,2024-01-21T19:22:25.897Z[UTC],norm,[]
IPHONE_ARM64,2024-01-21T19:22:26.042Z[UTC],normz,[]
IPHONE,2024-01-21T19:22:27.253Z[UTC],norma,['spotify:album:5XpEKORZ4y6OrCZSKsi46A']
IPHONE,2024-01-22T10:07:30.809Z[UTC],tate,['spotify:artist:45dkTj5sMRSjrmBSBeiHym']
IPHONE_ARM64,2024-01-22T23:22:38.545Z[UTC],sel,[]
IPHONE_ARM64,2024-01-22T23:22:39.039Z[UTC],self c,[]
IPHONE,2024-01-22T23:22:39.700Z[UTC],self con,['spotify:track:5GUYJTQap5F3RDQiCOJhrS']
IPHONE_ARM64,2024-01-22T23:25:14.065Z[UTC],mac mil,[]
IPHONE_ARM64,2024-01-22T23:25:14.468Z[UTC],mac miller,[]
IPHONE_ARM64,2024-01-22T23:25:14.984Z[UTC],mac miller st,[]
IPHONE,2024-01-22T23:25:15.564Z[UTC],mac miller stay,['spotify:search:mac+miller+surf']
IPHONE,2024-01-22T23:25:20.535Z[UTC],mac miller stay,['spotify:track:4brX8MJs5hxErgq48f9REO']
OSX_X86_64,2024-01-22T23:26:00.112Z[UTC],k,[]
OSX_X86_64,2024-01-22T23:26:04.100Z[UTC],kendrick lamar ,[]
OSX_X86_64,2024-01-22T23:26:04.497Z[UTC],kendrick lamar l,[]
OSX_X86_64,2024-01-22T23:27:06.719Z[UTC],no ,[]
OSX_X86_64,2024-01-22T23:27:06.806Z[UTC],n,[]
OSX_X86_64,2024-01-22T23:27:06.812Z[UTC],no,[]
IPHONE,2024-01-23T23:01:49.566Z[UTC],its a vibe,['spotify:track:6H0AwSQ20mo62jGlPGB8S6']
IPHONE,2024-01-24T09:06:55.716Z[UTC],the fear ,['spotify:track:7lIyBKp2KX7ABDjDfo9EtL']
,2024-01-30T00:00:32.553Z[UTC],w,[]
,2024-01-30T00:00:32.590Z[UTC],wa,[]
,2024-01-30T00:00:32.648Z[UTC],w,[]
,2024-01-30T00:00:32.652Z[UTC],wa,[]
,2024-01-30T00:00:33.292Z[UTC],wan,[]
,2024-01-30T00:00:33.350Z[UTC],wan,[]
,2024-01-30T00:00:33.646Z[UTC],wana,[]
,2024-01-30T00:00:33.723Z[UTC],wana,[]
IPHONE,2024-01-30T00:00:33.927Z[UTC],wana,[]
IPHONE,2024-01-30T18:34:37.584Z[UTC],pat,['spotify:artist:43mhFhQ4JAknA7Ik1bOZuV']
IPHONE_ARM64,2024-02-03T11:22:08.537Z[UTC],g,[]
IPHONE_ARM64,2024-02-03T11:22:09.957Z[UTC],y,[]
IPHONE,2024-02-03T11:22:15.401Z[UTC],you dont know ,['spotify:track:6LGwYMXXgURfaequXipzHx']
IPHONE,2024-02-03T13:16:25.733Z[UTC],mika,['spotify:track:0KM2y796j63t5RHhvRUxld']
IPHONE_ARM64,2024-02-07T11:39:18.406Z[UTC],e,[]
IPHONE,2024-02-07T11:39:20.182Z[UTC],eyes tra,['spotify:track:4kjI1gwQZRKNDkw1nI475M']
,2024-02-09T00:16:15.262Z[UTC],n,[]
,2024-02-09T00:16:15.356Z[UTC],n,[]
,2024-02-09T00:16:15.527Z[UTC],no,[]
,2024-02-09T00:16:15.596Z[UTC],no,[]
,2024-02-09T00:16:16.361Z[UTC],nob,[]
,2024-02-09T00:16:16.419Z[UTC],nob,[]
,2024-02-09T00:16:18.262Z[UTC],nobo,[]
,2024-02-09T00:16:18.312Z[UTC],nobo,[]
IPHONE,2024-02-09T00:16:18.465Z[UTC],nobo,['spotify:search:nobody+gets+me']
,2024-02-09T00:16:19.313Z[UTC],nobody gets me,[]
IPHONE,2024-02-09T00:16:19.838Z[UTC],nobody gets me,['spotify:track:5Y35SjAfXjjG0sFQ3KOxmm']
IPHONE,2024-02-09T12:55:00.131Z[UTC],11,['spotify:album:0tL8CzbfmF5poGm9puqALR']
IPHONE,2024-02-10T09:06:42.403Z[UTC],heaet of ,['spotify:track:5GK1GYXH16RdfmltogHhAk']
IPHONE,2024-02-10T09:18:38.160Z[UTC],kan,['spotify:artist:5K4W6rqBFWDnAN6FQUkS6x']
IPHONE_ARM64,2024-02-10T18:01:19.148Z[UTC],emm,[]
IPHONE_ARM64,2024-02-10T18:01:19.196Z[UTC],em,[]
IPHONE,2024-02-10T18:01:19.348Z[UTC],emma ,['spotify:show:5VzFvh1JlEhBMS6ZHZ8CNO']
IPHONE,2024-02-11T14:17:13.174Z[UTC],andre,['spotify:search:andr%C3%A9+3000']
IPHONE,2024-02-11T14:17:14.362Z[UTC],andré 3000,['spotify:artist:74V3dE1a51skRkdII8y2C6']
IPHONE,2024-02-12T18:32:49.942Z[UTC],kan,['spotify:album:0k7ALIqqds5oGFtpMsaHLK']
,2024-02-15T00:42:05.266Z[UTC],s,[]
,2024-02-15T00:42:05.338Z[UTC],s,[]
,2024-02-15T00:42:05.740Z[UTC],so,[]
,2024-02-15T00:42:05.800Z[UTC],so,[]
,2024-02-15T00:42:06.254Z[UTC],some,[]
,2024-02-15T00:42:06.302Z[UTC],some,[]
,2024-02-15T00:42:06.582Z[UTC],someo,[]
,2024-02-15T00:42:06.626Z[UTC],someo,[]
,2024-02-15T00:42:07.099Z[UTC],someone ,[]
,2024-02-15T00:42:07.130Z[UTC],someone ,[]
,2024-02-15T00:42:07.737Z[UTC],someone kil,[]
,2024-02-15T00:42:07.762Z[UTC],someone kil,[]
,2024-02-15T00:42:08.576Z[UTC],someone killl,[]
,2024-02-15T00:42:08.587Z[UTC],someone killl,[]
,2024-02-15T00:42:08.624Z[UTC],someone kill ,[]
,2024-02-15T00:42:09.414Z[UTC],someone killl ,[]
,2024-02-15T00:42:09.427Z[UTC],someone killl ,[]
,2024-02-15T00:42:09.472Z[UTC],someone kill ,[]
,2024-02-15T00:42:11.307Z[UTC],someone killl g,[]
,2024-02-15T00:42:11.325Z[UTC],someone killl g,[]
,2024-02-15T00:42:11.575Z[UTC],someone killl gje,[]
,2024-02-15T00:42:11.595Z[UTC],someone killl gje,[]
,2024-02-15T00:42:11.622Z[UTC],someone kill gje,[]
,2024-02-15T00:42:12.347Z[UTC],someone killl ,[]
,2024-02-15T00:42:12.357Z[UTC],someone killl ,[]
,2024-02-15T00:42:12.391Z[UTC],someone kill ,[]
,2024-02-15T00:42:12.545Z[UTC],someone killl t,[]
,2024-02-15T00:42:12.559Z[UTC],someone killl t,[]
,2024-02-15T00:42:12.584Z[UTC],someone kill t,[]
,2024-02-15T00:42:13.085Z[UTC],someone killl the ,[]
,2024-02-15T00:42:13.098Z[UTC],someone killl the ,[]
,2024-02-15T00:42:13.121Z[UTC],someone kill the ,[]
,2024-02-15T00:42:13.839Z[UTC],someone killl the ligh,[]
,2024-02-15T00:42:13.851Z[UTC],someone killl the ligh,[]
,2024-02-15T00:42:13.880Z[UTC],someone kill the ligh,[]
IPHONE,2024-02-15T00:42:14.191Z[UTC],someone killl the ligh,['spotify:track:3xby7fOyqmeON8jsnom0AT']
OSX_X86_64,2024-02-16T10:50:00.149Z[UTC],demons,[]
OSX_X86_64,2024-02-16T10:50:15.508Z[UTC],demons j,[]
IPHONE,2024-02-16T14:21:21.924Z[UTC],thats no,['spotify:track:3tTDOodJcr6vKF2DASlwMZ']
IPHONE,2024-02-19T12:42:22.221Z[UTC],sil,['spotify:track:4nZi6XNe36Ut4Nij3IQ1yC']
IPHONE,2024-02-19T13:12:27.275Z[UTC],sil,[]
IPHONE,2024-02-20T09:12:27.360Z[UTC],mad,['spotify:artist:2kRfqPViCqYdSGhYSM9R0Q']
IPHONE_ARM64,2024-02-21T02:43:27.400Z[UTC],nobo,[]
IPHONE,2024-02-21T02:43:28.331Z[UTC],nobodys,"['spotify:track:0cZDC7uxNK8lqQ3GgyvCnD', 'spotify:track:0cZDC7uxNK8lqQ3GgyvCnD']"
IPHONE_ARM64,2024-02-21T10:21:49.029Z[UTC],drama club 6,[]
IPHONE,2024-02-21T10:22:00.283Z[UTC],drama peter club 69,['spotify:track:2hvxtMyk2QM8PAnc4ZhW3a']
OSX_X86_64,2024-02-21T14:20:32.136Z[UTC],djem,[]
OSX_X86_64,2024-02-21T14:20:33.088Z[UTC],djeme ,[]
OSX_X86_64,2024-02-21T14:20:33.726Z[UTC],djemt,[]
OSX_X86_64,2024-02-21T16:49:46.496Z[UTC],arca tim,[]
OSX_X86_64,2024-02-21T16:50:06.780Z[UTC], time arca,[]
OSX_X86_64,2024-02-21T16:50:06.908Z[UTC], time arca,[]
OSX_X86_64,2024-02-21T17:31:41.816Z[UTC],bardi,[]
OSX_X86_64,2024-02-21T17:31:44.409Z[UTC],bardicore,[]
OSX_X86_64,2024-02-21T17:31:56.478Z[UTC],d,[]
IPHONE,2024-02-21T17:34:43.530Z[UTC],drum and base,"['spotify:playlist:2H966ygk4Iu8KycIsIv6SI', 'spotify:search:drum+and+bass']"
IPHONE,2024-02-21T17:34:46.652Z[UTC],drum and bass,['spotify:playlist:37i9dQZF1EIherXksVvnrN']
,2024-02-22T00:23:45.164Z[UTC],d,[]
,2024-02-22T00:23:45.244Z[UTC],d,[]
,2024-02-22T00:23:45.424Z[UTC],do,[]
,2024-02-22T00:23:45.481Z[UTC],do,[]
,2024-02-22T00:23:45.881Z[UTC],dom,[]
,2024-02-22T00:23:45.923Z[UTC],dom,[]
,2024-02-22T00:23:46.404Z[UTC],dominic,[]
,2024-02-22T00:23:46.453Z[UTC],dominic,[]
,2024-02-22T00:23:46.608Z[UTC],dominic ,[]
,2024-02-22T00:23:46.659Z[UTC],dominic ,[]
IPHONE_ARM64,2024-02-22T00:23:46.730Z[UTC],dominic ,[]
,2024-02-22T00:23:47.254Z[UTC],dominic fike,[]
,2024-02-22T00:23:47.316Z[UTC],dominic fike,[]
IPHONE,2024-02-22T00:23:47.510Z[UTC],dominic fike,['spotify:artist:6USv9qhCn6zfxlBQIYJ9qs']
IPHONE_ARM64,2024-02-22T21:45:44.088Z[UTC],shes on m,[]
IPHONE,2024-02-22T21:45:44.348Z[UTC],shes on my,['spotify:track:4heve4ydl1u6V3AD4moZq9']
IPHONE_ARM64,2024-02-22T21:45:56.250Z[UTC],shes on my m,[]
IPHONE_ARM64,2024-02-22T21:46:15.399Z[UTC],i cant s,[]
IPHONE_ARM64,2024-02-22T21:46:26.996Z[UTC],i cant sleep at night i,[]
IPHONE_ARM64,2024-02-22T21:46:28.064Z[UTC],i cant sleep at night if sh,[]
IPHONE,2024-02-22T21:46:35.521Z[UTC],i cant sleep at night if she aimt ll,[]
IPHONE_ARM64,2024-02-22T21:46:47.475Z[UTC],i cant sleep at night if she aint by my side shes on,[]
IPHONE_ARM64,2024-02-22T21:46:47.713Z[UTC],i cant sleep at night if she aint by my side shes on ,[]
IPHONE,2024-02-22T21:46:51.284Z[UTC],i cant sleep at night if she aint by my side shes on my mind,[]
IPHONE_ARM64,2024-02-22T23:19:52.165Z[UTC],d,[]
IPHONE,2024-02-22T23:19:54.211Z[UTC],disparate ,['spotify:search:disparate+youth']
IPHONE,2024-02-22T23:19:54.847Z[UTC],disparate youth,['spotify:track:7d23MhPFE9eB3U8DPRirnL']
IPHONE,2024-02-23T01:36:13.764Z[UTC],the catar,['spotify:artist:7C64wNX3howEFZjAYRKsfP']
IPHONE,2024-02-23T01:42:58.780Z[UTC],dev,['spotify:artist:7Ip2u3e5Nv6fFb5xyIHxEE']
IPHONE,2024-02-23T02:07:43.098Z[UTC],catara,"['spotify:artist:7C64wNX3howEFZjAYRKsfP', 'spotify:track:5AyL2kgLtTWEu3qO3B9SqK', 'spotify:track:5AyL2kgLtTWEu3qO3B9SqK']"
IPHONE_ARM64,2024-02-23T02:11:58.987Z[UTC],pass ou,[]
IPHONE,2024-02-23T02:11:59.341Z[UTC],pass out,['spotify:track:2i5gkqfLxlCM902kgZVb6v']
OSX_X86_64,2024-02-23T10:52:44.986Z[UTC],gunshot,[]
OSX_X86_64,2024-02-23T10:52:47.215Z[UTC],gunshot ring down,[]
IPHONE,2024-02-24T12:43:14.006Z[UTC],let it ,['spotify:track:2X485T9Z5Ly0xyaghN73ed']
IPHONE,2024-02-26T11:44:07.011Z[UTC],djemte e balo,['spotify:track:7yYyoVELiiLISfgf8VEo5w']
IPHONE_ARM64,2024-02-26T11:44:25.193Z[UTC],djemte e balonave,[]
OSX_X86_64,2024-02-26T12:49:35.027Z[UTC],djemte e ba,[]
OSX_X86_64,2024-02-26T12:49:39.437Z[UTC],djemte e balonave,[]
IPHONE,2024-02-27T09:25:28.973Z[UTC],jungle,['spotify:track:19kHhX6f6EfLU7rcO3RqjO']
IPHONE,2024-02-27T09:28:40.046Z[UTC],keep mo,['spotify:track:4rf0IVQDFjr27T4sgah5Pf']
IPHONE,2024-02-27T14:27:57.784Z[UTC],demons ,['spotify:track:0WGelFYfITJmfOnNyhRUq7']
IPHONE_ARM64,2024-02-28T22:16:41.581Z[UTC],fred agai,[]
OSX_X86_64,2024-02-29T09:31:15.498Z[UTC],demon,[]
OSX_X86_64,2024-02-29T09:31:15.611Z[UTC],demon,[]
OSX_X86_64,2024-02-29T09:31:19.061Z[UTC],demons ,[]
IPHONE,2024-03-01T08:14:50.363Z[UTC],mwaki,['spotify:track:5KTZgG84bKFGm53lhLtTqc']
OSX_X86_64,2024-03-01T14:17:01.263Z[UTC],l,[]
OSX_X86_64,2024-03-01T14:17:02.375Z[UTC],like a ,[]
OSX_X86_64,2024-03-01T17:01:25.250Z[UTC],just ,[]
OSX_X86_64,2024-03-01T17:01:26.824Z[UTC],just bicep,[]
IPHONE_ARM64,2024-03-01T21:44:15.807Z[UTC],l,[]
IPHONE_ARM64,2024-03-01T21:44:16.203Z[UTC],li,[]
IPHONE,2024-03-01T21:44:18.439Z[UTC],little bit ,['spotify:track:4dVejqq0Jn4pSyD7WcQ0nw']
IPHONE_ARM64,2024-03-03T18:39:39.296Z[UTC],d,[]
IPHONE_ARM64,2024-03-03T18:39:40.440Z[UTC],djemte e ,[]
IPHONE,2024-03-03T18:39:41.273Z[UTC],djemte e valo,['spotify:search:djemte+e+vlores']
IPHONE,2024-03-03T18:39:41.715Z[UTC],djemte e vlores,['spotify:track:7yYyoVELiiLISfgf8VEo5w']
IPHONE,2024-03-03T19:02:26.692Z[UTC],what ,['spotify:track:4O9t8Qq941SAzdGlex4noA']
IPHONE_ARM64,2024-03-04T20:58:44.105Z[UTC],oh qu,[]
IPHONE_ARM64,2024-03-04T20:58:44.342Z[UTC],oh que,[]
IPHONE_ARM64,2024-03-04T20:58:45.698Z[UTC],oh que ser,[]
IPHONE,2024-03-04T20:58:45.947Z[UTC],oh que sera,['spotify:track:2n1MTLCis6qPSDKdr5XSDI']
IPHONE,2024-03-04T21:03:49.358Z[UTC],intergala,"['spotify:track:21wYclGDiieKf42kEWxqV9', 'spotify:track:5fpizYGbi5IQoEraj6FP0R']"
IPHONE,2024-03-05T08:12:18.951Z[UTC],air sexy,['spotify:track:6INLpBxo9F5QMer04VXEnd']
OSX_X86_64,2024-03-06T22:50:52.176Z[UTC],so,[]
OSX_X86_64,2024-03-06T22:50:53.452Z[UTC],so into,[]
OSX_X86_64,2024-03-06T23:45:26.940Z[UTC],n,[]
OSX_X86_64,2024-03-06T23:45:27.876Z[UTC],never ,[]
OSX_X86_64,2024-03-06T23:45:30.030Z[UTC],never lose me,[]
,2024-03-07T00:02:05.341Z[UTC],t,[]
,2024-03-07T00:02:05.410Z[UTC],t,[]
,2024-03-07T00:02:07.021Z[UTC],the less i ,[]
,2024-03-07T00:02:07.047Z[UTC],the less i ,[]
,2024-03-07T00:02:07.846Z[UTC],the less i know,[]
IPHONE,2024-03-07T00:02:08.273Z[UTC],the less i know,['spotify:track:6K4t31amVTZDgR3sKmwUJJ']
IPHONE,2024-03-07T08:45:25.826Z[UTC],1123,[]
IPHONE_ARM64,2024-03-09T20:02:30.927Z[UTC],let there be ,[]
IPHONE,2024-03-09T20:02:37.774Z[UTC],let there be light raye,[]
IPHONE,2024-03-11T21:17:10.689Z[UTC],in for it ,['spotify:track:6ydWxkzjDktHsTzvWcaZ1i']
IPHONE_ARM64,2024-03-11T21:17:26.955Z[UTC],in for it  b,[]
IPHONE,2024-03-11T22:08:43.263Z[UTC],make you mine,['spotify:track:48vIfHaK7by6x0T6ucpODL']
OSX_X86_64,2024-03-12T15:57:04.012Z[UTC],ca,[]
OSX_X86_64,2024-03-12T15:57:05.594Z[UTC],camel,[]
OSX_X86_64,2024-03-12T18:54:15.566Z[UTC],depeche mode n,[]
OSX_X86_64,2024-03-12T19:03:58.830Z[UTC],Charlotte Cardin •Dirty Dirty,[]
OSX_X86_64,2024-03-12T19:19:24.166Z[UTC],Love Me Ruchir -,[]
OSX_X86_64,2024-03-12T19:19:54.100Z[UTC],b,[]
OSX_X86_64,2024-03-12T19:19:54.826Z[UTC],bi,[]
OSX_X86_64,2024-03-12T19:19:56.211Z[UTC],biscuits ,[]
OSX_X86_64,2024-03-12T19:19:56.666Z[UTC],biscuits ka,[]
OSX_X86_64,2024-03-12T19:19:58.076Z[UTC],biscuits kace,[]
OSX_X86_64,2024-03-12T19:44:36.991Z[UTC],no ,[]
OSX_X86_64,2024-03-12T20:13:51.480Z[UTC],Still Want U ZHU,[]
OSX_X86_64,2024-03-12T20:34:43.392Z[UTC],Apparently J. Cole,[]
OSX_X86_64,2024-03-12T20:38:16.496Z[UTC],Children Robert Miles,[]
OSX_X86_64,2024-03-12T20:43:03.022Z[UTC],Honeybee,[]
OSX_X86_64,2024-03-12T20:43:03.588Z[UTC],Honeybee l,[]
OSX_X86_64,2024-03-12T20:43:04.536Z[UTC],Honeybee liv,[]
OSX_X86_64,2024-03-12T20:43:05.471Z[UTC],Honeybee living ,[]
OSX_X86_64,2024-03-12T20:43:14.593Z[UTC],m living ,[]
OSX_X86_64,2024-03-12T20:43:17.409Z[UTC],missed conn living ,[]
OSX_X86_64,2024-03-12T20:45:44.853Z[UTC],Joanna • Séduction,[]
OSX_X86_64,2024-03-12T20:45:44.951Z[UTC],Joanna • Séduction,[]
OSX_X86_64,2024-03-12T20:50:49.715Z[UTC],naughty boy runn,[]
OSX_X86_64,2024-03-12T20:57:27.926Z[UTC],Valvé De Hofnar & Felix Jaehn,[]
OSX_X86_64,2024-03-12T20:57:28.016Z[UTC],Valvé De Hofnar & Felix Jaehn,[]
OSX_X86_64,2024-03-12T21:00:55.688Z[UTC],Erase Me - hippnoticz hippnotic - Lets take a drive by,[]
OSX_X86_64,2024-03-12T21:01:07.399Z[UTC],Erase Me - hipp,[]
OSX_X86_64,2024-03-12T21:13:06.283Z[UTC],Harvey Her's,[]
IPHONE,2024-03-12T22:17:15.622Z[UTC],call,['spotify:show:7bnjJ7Va1nM07Um4Od55dW']
OSX_X86_64,2024-03-12T23:25:44.307Z[UTC],sugar daddy fl,[]
OSX_X86_64,2024-03-12T23:39:34.705Z[UTC],Solange • Almeda,[]
OSX_X86_64,2024-03-12T23:40:10.549Z[UTC],kin,[]
OSX_X86_64,2024-03-12T23:40:10.651Z[UTC],kin,[]
OSX_X86_64,2024-03-12T23:40:11.543Z[UTC],king of,[]
OSX_X86_64,2024-03-12T23:40:11.739Z[UTC],king of ,[]
OSX_X86_64,2024-03-12T23:40:13.695Z[UTC],king of e,[]
OSX_X86_64,2024-03-12T23:40:41.960Z[UTC],yaste ,[]
OSX_X86_64,2024-03-12T23:40:42.577Z[UTC],yaste rh,[]
OSX_X86_64,2024-03-12T23:40:42.863Z[UTC],yaste rhy,[]
OSX_X86_64,2024-03-12T23:41:08.783Z[UTC],yaste rhye,[]
OSX_X86_64,2024-03-12T23:41:08.877Z[UTC],yaste rhye,[]
OSX_X86_64,2024-03-12T23:50:22.198Z[UTC],DEEP END  h,[]
OSX_X86_64,2024-03-12T23:50:22.256Z[UTC],DEEP END  ha,[]
OSX_X86_64,2024-03-12T23:51:25.793Z[UTC],NEW -CELLAR FEAT. JP,[]
,2024-03-13T00:30:01.729Z[UTC],h,[]
,2024-03-13T00:30:01.948Z[UTC],h,[]
,2024-03-13T00:30:02.059Z[UTC],he,[]
,2024-03-13T00:30:02.136Z[UTC],he,[]
,2024-03-13T00:30:02.673Z[UTC],hey,[]
,2024-03-13T00:30:02.768Z[UTC],hey,[]
,2024-03-13T00:30:03.154Z[UTC],heym,[]
,2024-03-13T00:30:03.229Z[UTC],heym,[]
,2024-03-13T00:30:03.355Z[UTC],heymo,[]
,2024-03-13T00:30:03.435Z[UTC],heymo,[]
,2024-03-13T00:30:03.709Z[UTC],heymoh,[]
,2024-03-13T00:30:03.834Z[UTC],heymoh,[]
,2024-03-13T00:30:04.476Z[UTC],heymoh re,[]
,2024-03-13T00:30:04.579Z[UTC],heymoh re,[]
,2024-03-13T00:30:04.758Z[UTC],heymoh red,[]
,2024-03-13T00:30:04.845Z[UTC],heymoh red,[]
OSX_X86_64,2024-03-13T00:30:04.895Z[UTC],heymoh red,[]
